id,x,y
A,0.1477188825860808,0.8794080433800271
B,0.21387627262094866,0.8801762313601446
C,0.15889411738926795,0.5836556710347944
D,0.2693054372447568,0.5268097605061003
E,0.3506611466119592,0.7372932670582919
F,0.09497177431503753,0.7549615906009941
